{
  "/favicon.ico-10" : {
    "transaction" : "/favicon.ico-10",
    "sampleCount" : 300,
    "errorCount" : 0,
    "errorPct" : 0.0,
    "meanResTime" : 129.55333333333334,
    "medianResTime" : 127.0,
    "minResTime" : 124.0,
    "maxResTime" : 369.0,
    "pct1ResTime" : 134.0,
    "pct2ResTime" : 141.95,
    "pct3ResTime" : 160.99,
    "throughput" : 26.364355391510678,
    "receivedKBytesPerSec" : 106.10108258634327,
    "sentKBytesPerSec" : 7.929903770102821
  },
  "/static/css/2.150d169a.chunk.css-5" : {
    "transaction" : "/static/css/2.150d169a.chunk.css-5",
    "sampleCount" : 300,
    "errorCount" : 0,
    "errorPct" : 0.0,
    "meanResTime" : 1140.1800000000005,
    "medianResTime" : 1069.5,
    "minResTime" : 870.0,
    "maxResTime" : 1678.0,
    "pct1ResTime" : 1433.9,
    "pct2ResTime" : 1507.0,
    "pct3ResTime" : 1652.6700000000003,
    "throughput" : 34.466911764705884,
    "receivedKBytesPerSec" : 4910.9627218807445,
    "sentKBytesPerSec" : 11.174819048713234
  },
  "/logo192.png-9" : {
    "transaction" : "/logo192.png-9",
    "sampleCount" : 300,
    "errorCount" : 0,
    "errorPct" : 0.0,
    "meanResTime" : 129.85333333333332,
    "medianResTime" : 127.0,
    "minResTime" : 125.0,
    "maxResTime" : 175.0,
    "pct1ResTime" : 135.90000000000003,
    "pct2ResTime" : 148.0,
    "pct3ResTime" : 169.96000000000004,
    "throughput" : 28.46029788445119,
    "receivedKBytesPerSec" : 155.53108101698132,
    "sentKBytesPerSec" : 8.560323973057585
  },
  "/success.txt-11" : {
    "transaction" : "/success.txt-11",
    "sampleCount" : 300,
    "errorCount" : 0,
    "errorPct" : 0.0,
    "meanResTime" : 15.090000000000002,
    "medianResTime" : 13.0,
    "minResTime" : 9.0,
    "maxResTime" : 84.0,
    "pct1ResTime" : 20.900000000000034,
    "pct2ResTime" : 26.94999999999999,
    "pct3ResTime" : 57.92000000000007,
    "throughput" : 27.93036030164789,
    "receivedKBytesPerSec" : 5.985752606833628,
    "sentKBytesPerSec" : 8.700961851782889
  },
  "/static/js/main.38f92ae1.chunk.js-7" : {
    "transaction" : "/static/js/main.38f92ae1.chunk.js-7",
    "sampleCount" : 300,
    "errorCount" : 0,
    "errorPct" : 0.0,
    "meanResTime" : 157.42666666666665,
    "medianResTime" : 130.0,
    "minResTime" : 125.0,
    "maxResTime" : 490.0,
    "pct1ResTime" : 239.0,
    "pct2ResTime" : 356.4499999999999,
    "pct3ResTime" : 450.7500000000002,
    "throughput" : 39.42181340341656,
    "receivedKBytesPerSec" : 141.05617608409986,
    "sentKBytesPerSec" : 12.242320959264125
  },
  "/success.txt-12" : {
    "transaction" : "/success.txt-12",
    "sampleCount" : 300,
    "errorCount" : 0,
    "errorPct" : 0.0,
    "meanResTime" : 13.589999999999998,
    "medianResTime" : 11.0,
    "minResTime" : 8.0,
    "maxResTime" : 98.0,
    "pct1ResTime" : 19.0,
    "pct2ResTime" : 25.0,
    "pct3ResTime" : 73.80000000000018,
    "throughput" : 26.210029704700332,
    "receivedKBytesPerSec" : 5.617068735802901,
    "sentKBytesPerSec" : 8.29301721125284
  },
  "/success.txt-13" : {
    "transaction" : "/success.txt-13",
    "sampleCount" : 300,
    "errorCount" : 0,
    "errorPct" : 0.0,
    "meanResTime" : 14.920000000000014,
    "medianResTime" : 12.0,
    "minResTime" : 8.0,
    "maxResTime" : 108.0,
    "pct1ResTime" : 20.0,
    "pct2ResTime" : 31.0,
    "pct3ResTime" : 76.91000000000008,
    "throughput" : 26.997840172786177,
    "receivedKBytesPerSec" : 5.785904315154788,
    "sentKBytesPerSec" : 8.542285367170626
  },
  "/rest/msdxc/dxc?ahorro=44000000&sueldo=1500000-14" : {
    "transaction" : "/rest/msdxc/dxc?ahorro=44000000&sueldo=1500000-14",
    "sampleCount" : 300,
    "errorCount" : 53,
    "errorPct" : 17.666666,
    "meanResTime" : 11030.12,
    "medianResTime" : 15271.5,
    "minResTime" : 248.0,
    "maxResTime" : 21041.0,
    "pct1ResTime" : 21030.0,
    "pct2ResTime" : 21036.0,
    "pct3ResTime" : 21039.0,
    "throughput" : 10.220768601798856,
    "receivedKBytesPerSec" : 8.43293259403107,
    "sentKBytesPerSec" : 3.714477505791769
  },
  "/static/js/2.6914ed45.chunk.js-8" : {
    "transaction" : "/static/js/2.6914ed45.chunk.js-8",
    "sampleCount" : 300,
    "errorCount" : 0,
    "errorPct" : 0.0,
    "meanResTime" : 958.6133333333337,
    "medianResTime" : 950.0,
    "minResTime" : 751.0,
    "maxResTime" : 1418.0,
    "pct1ResTime" : 1030.8000000000002,
    "pct2ResTime" : 1092.8999999999996,
    "pct3ResTime" : 1367.8700000000001,
    "throughput" : 28.368794326241133,
    "receivedKBytesPerSec" : 4177.526595744681,
    "sentKBytesPerSec" : 8.726728723404255
  },
  "/success.txt-2" : {
    "transaction" : "/success.txt-2",
    "sampleCount" : 300,
    "errorCount" : 0,
    "errorPct" : 0.0,
    "meanResTime" : 205.15666666666672,
    "medianResTime" : 143.0,
    "minResTime" : 14.0,
    "maxResTime" : 561.0,
    "pct1ResTime" : 481.0,
    "pct2ResTime" : 513.95,
    "pct3ResTime" : 545.0,
    "throughput" : 51.51098901098901,
    "receivedKBytesPerSec" : 11.039314689217033,
    "sentKBytesPerSec" : 16.046880365728022
  },
  "/-1" : {
    "transaction" : "/-1",
    "sampleCount" : 300,
    "errorCount" : 0,
    "errorPct" : 0.0,
    "meanResTime" : 473.65000000000015,
    "medianResTime" : 531.0,
    "minResTime" : 134.0,
    "maxResTime" : 683.0,
    "pct1ResTime" : 640.0,
    "pct2ResTime" : 651.0,
    "pct3ResTime" : 668.99,
    "throughput" : 66.06474344857962,
    "receivedKBytesPerSec" : 117.1616934595904,
    "sentKBytesPerSec" : 22.90330461352125
  },
  "/success.txt-4" : {
    "transaction" : "/success.txt-4",
    "sampleCount" : 300,
    "errorCount" : 0,
    "errorPct" : 0.0,
    "meanResTime" : 65.09999999999995,
    "medianResTime" : 16.0,
    "minResTime" : 8.0,
    "maxResTime" : 517.0,
    "pct1ResTime" : 267.90000000000003,
    "pct2ResTime" : 369.39999999999986,
    "pct3ResTime" : 500.8900000000001,
    "throughput" : 41.079008626591815,
    "receivedKBytesPerSec" : 8.803638059701493,
    "sentKBytesPerSec" : 12.997655073257565
  },
  "/static/css/main.b329986d.chunk.css-6" : {
    "transaction" : "/static/css/main.b329986d.chunk.css-6",
    "sampleCount" : 300,
    "errorCount" : 0,
    "errorPct" : 0.0,
    "meanResTime" : 141.88333333333318,
    "medianResTime" : 128.0,
    "minResTime" : 124.0,
    "maxResTime" : 475.0,
    "pct1ResTime" : 144.0,
    "pct2ResTime" : 246.24999999999983,
    "pct3ResTime" : 458.83000000000015,
    "throughput" : 34.562211981566826,
    "receivedKBytesPerSec" : 21.39886952764977,
    "sentKBytesPerSec" : 11.306973646313365
  },
  "/success.txt-3" : {
    "transaction" : "/success.txt-3",
    "sampleCount" : 300,
    "errorCount" : 0,
    "errorPct" : 0.0,
    "meanResTime" : 32.17666666666667,
    "medianResTime" : 13.5,
    "minResTime" : 9.0,
    "maxResTime" : 549.0,
    "pct1ResTime" : 31.900000000000034,
    "pct2ResTime" : 171.29999999999984,
    "pct3ResTime" : 453.17000000000075,
    "throughput" : 41.3564929693962,
    "receivedKBytesPerSec" : 8.863105700303281,
    "sentKBytesPerSec" : 13.085452853598015
  },
  "/rest/msdxc/dxc-15" : {
    "transaction" : "/rest/msdxc/dxc-15",
    "sampleCount" : 300,
    "errorCount" : 0,
    "errorPct" : 0.0,
    "meanResTime" : 16851.056666666675,
    "medianResTime" : 19174.0,
    "minResTime" : 257.0,
    "maxResTime" : 31852.0,
    "pct1ResTime" : 26510.800000000007,
    "pct2ResTime" : 27829.499999999996,
    "pct3ResTime" : 31044.610000000004,
    "throughput" : 5.55926173004225,
    "receivedKBytesPerSec" : 2.1607286802312653,
    "sentKBytesPerSec" : 2.1607286802312653
  },
  "Total" : {
    "transaction" : "Total",
    "sampleCount" : 4800,
    "errorCount" : 53,
    "errorPct" : 1.1041666,
    "meanResTime" : 1990.3697916666663,
    "medianResTime" : 130.0,
    "minResTime" : 8.0,